{
  "bleu": 37.049150020527705,
  "chrf": 65.3231866096329,
  "rouge_l": 0.9336609336609337,
  "meteor": 55.84919918268536,
  "emotion_accuracy": 73.16953316953317,
  "semantic_score": 0.936046302318573,
  "avg_loss": 0.629150474061892,
  "num_samples": 4070
}