{
  "bleu": 47.482643399613124,
  "chrf": 65.94987544684115,
  "rouge_l": 0.8271908271908271,
  "meteor": 66.60643366308821,
  "emotion_accuracy": 74.07862407862407,
  "semantic_score": 0.9212118983268738,
  "avg_loss": 0.7035252860452091,
  "num_samples": 4070
}